{
    "grafico_medicao": {
        "nomeMes": "Julho",
        "orcado": 775000,
        "reajuste": 1,
        "data": [
            [
                4554.78,
                14997.35,
                5092,
                2546,
                2546,
                10766.439999999999,
                9109.56,
                33899.87,
                12881.96,
                31458.32,
                16479.49,
                1726.67,
                12157.37,
                13558.08,
                19915.22,
                12363.630000000001,
                9608.74,
                15600.440000000002,
                10179.5,
                10437.279999999999,
                20207.909999999996,
                18650.03,
                6369.34,
                17909.5,
                11082.13,
                23856.06,
                8044.75,
                9442.94,
                5276.55,
                6804.46
            ],
            [
                521.64,
                229.92000000000002,
                0,
                0,
                1324.34,
                2161.08,
                1750.23,
                298.08,
                0,
                0,
                1043.28,
                1713.9599999999998,
                1189.1999999999998,
                2682.72,
                3502.4399999999996,
                0,
                0,
                447.11999999999995,
                521.64,
                372.6,
                1564.9199999999998,
                376.84000000000003,
                0,
                0,
                2161.08,
                1639.44,
                1192.3200000000002,
                7899.12,
                3726,
                0
            ],
            [
                4203.95,
                312.69,
                0,
                434.3,
                521.15,
                4412.4400000000005,
                15339.41,
                1253.24,
                7423.88,
                7551.73,
                5593.76,
                13758.469999999998,
                11448.14,
                9624.070000000002,
                11568.460000000001,
                2015.15,
                3056.17,
                14383.83,
                10023.630000000001,
                8199.52,
                12420.969999999998,
                8595.299999999997,
                5697.939999999999,
                2397.29,
                6420.079999999999,
                19239.129999999997,
                2935.82,
                521.15,
                2953.21,
                19960.41
            ],
            [
                0,
                0,
                0,
                86.31666,
                93.01704,
                79.61627999999999,
                86.31666,
                0,
                0,
                0,
                0,
                624.31776,
                0,
                0,
                0,
                0,
                0,
                0,
                89.66685,
                588.05688,
                33.5019,
                0,
                0,
                0,
                526.5710399999999,
                0,
                0,
                0,
                0,
                0
            ]
        ]
    },
    "periodo":{
        "periodo":"Jul/2019",
        "range": {"inicio": 21,"totalDias":10}
    },

    "historico":{
        "inicio":{
            "mes":1,
            "ano":2019
        },
        "data":[
            [{"setor":"setor 1", "valor":300, "funcionarios": 10},{"setor":"setor 2","valor":400, "funcionarios": 10}],
            [{"setor":"setor 1", "valor":200, "funcionarios": 10},{"setor":"setor 2","valor":350, "funcionarios": 10}],
            [{"setor":"setor 1", "valor":450, "funcionarios": 10},{"setor":"setor 2","valor":200, "funcionarios": 10}],
            [{"setor":"setor 1", "valor":130, "funcionarios": 10},{"setor":"setor 2","valor":420, "funcionarios": 10}],
            [{"setor":"setor 1", "valor":321, "funcionarios": 10},{"setor":"setor 2","valor":2100, "funcionarios": 10}],
            [{"setor":"setor 1", "valor":20, "funcionarios": 10},{"setor":"setor 2","valor":900, "funcionarios": 10}],
            [{"setor":"setor 1", "valor":650, "funcionarios": 10},{"setor":"setor 2","valor":90, "funcionarios": 10}],
            [{"setor":"setor 1", "valor":90, "funcionarios": 10},{"setor":"setor 2","valor":100, "funcionarios": 10}],
            [{"setor":"setor 1", "valor":42, "funcionarios": 10},{"setor":"setor 2","valor":732, "funcionarios": 10}],
            [{"setor":"setor 1", "valor":55, "funcionarios": 10},{"setor":"setor 2","valor":123, "funcionarios": 10}],
            [{"setor":"setor 1", "valor":300, "funcionarios": 10},{"setor":"setor 2","valor":400, "funcionarios": 10}],
            [{"setor":"setor 1", "valor":200, "funcionarios": 10},{"setor":"setor 2","valor":350, "funcionarios": 10}],
            [{"setor":"setor 1", "valor":450, "funcionarios": 10},{"setor":"setor 2","valor":200, "funcionarios": 10}],
            [{"setor":"setor 1", "valor":130, "funcionarios": 10},{"setor":"setor 2","valor":420, "funcionarios": 10}],
            [{"setor":"setor 1", "valor":321, "funcionarios": 10},{"setor":"setor 2","valor":2100, "funcionarios": 10}],
            [{"setor":"setor 1", "valor":20, "funcionarios": 10},{"setor":"setor 2","valor":900, "funcionarios": 10}],
            [{"setor":"setor 1", "valor":650, "funcionarios": 10},{"setor":"setor 2","valor":90, "funcionarios": 10}],
            [{"setor":"setor 1", "valor":90, "funcionarios": 10},{"setor":"setor 2","valor":100, "funcionarios": 10}],
            [{"setor":"setor 1", "valor":42, "funcionarios": 10},{"setor":"setor 2","valor":732, "funcionarios": 10}],
            [{"setor":"setor 1", "valor":55, "funcionarios": 10},{"setor":"setor 2","valor":123, "funcionarios": 10}]
        ]
    }
}
